1,太
2,超
3,强烈
4,超级
5,紧急
6,过
7,过度
8,过分
9,过火
10,过劲
11,过猛
12,过热
13,过甚
14,过头
15,过于
16,过逾
17,何止
18,何啻
19,倍加
20,备至
21,彻头彻尾
22,极
23,极度
24,极端
25,极其
26,极为
27,惊人地
28,绝
29,绝顶
30,绝对
31,绝对化
32,刻骨
33,莫大
34,滔天
35,入骨
36,十二分
37,万分
38,甚为
39,万
40,万般
41,万万
42,无比
43,无度
44,无可估量
45,无以复加
46,无以伦比
47,之极
48,之至
49,至极
50,要命
51,要死
52,已极
53,已甚
54,甚
55,实在
56,太甚
57,尤甚
58,惨
59,异常
60,分外
61,格外
62,特
63,特别
64,尤
65,尤其
66,尤为
67,尤以
68,远
69,着实
70,那般
71,那么
72,那样
73,如斯
74,益
75,益发
76,逾
77,远远
78,足
79,足足
80,更进一步
81,老大
82,好生
83,相当
84,多多
85,多加
86,多么
87,大为
88,贼
89,百分之百
90,卓绝
91,最
92,最为
93,佼佼
94,强
95,忒
96,多
97,满
98,满贯
99,好不
100,何等
101,满心
102,不折不扣
103,尽
104,十分
105,十足
106,充分
107,到头
108,完全
109,完完全全
110,非常
111,很
112,更
113,开外
114,老
115,偏
116,更加
117,地地道道
118,截然
119,出奇
120,够瞧的
121,很是
122,多多少少
123,挺
124,颇
125,颇为
126,更为
127,还
128,还要
129,较
130,较比
131,较为
132,进一步
133,愈
134,愈 ... 愈
135,愈发
136,愈加
137,愈来愈
138,愈益
139,越 ... 越
140,越发
141,越加
142,越来越
143,越是
144,这般
145,这样
146,蛮
147,怪
148,不少
149,够呛
150,不过
151,不胜
152,略
153,略加
154,略略
155,略微
156,略为
157,或多或少
158,稍
159,稍稍
160,稍微
161,稍为
162,稍许
163,些
164,些微
165,些小
166,一点
167,一点儿
168,一些
169,有点
170,有点儿
171,有些
172,半点
173,不大
174,不丁点儿
175,轻度
176,弱
177,丝毫
178,微
179,相对
